English,Persian . All Rights Reserved.,تمامی حقوق محفوظ است. 1. What
types of pests do you treat?,1. چه نوع آفاتی را کنترل می‌کنید؟ 2. Are
your pest control methods safe for my pets?,2. آیا روش‌های کنترل آفات شما
برای حیوانات خانگی من ایمن است؟ 24/7 Availability,دسترسی ۲۴ ساعته در ۷
روز هفته 24/7 Emergency Services,خدمات اضطراری ۲۴ ساعته 3. How often
should I schedule pest control services?,3. هر چند وقت یک‌بار باید خدمات
کنترل آفات را برنامه‌ریزی کنم؟ 4. Do you offer emergency pest control
services?,4. آیا خدمات اضطراری کنترل آفات ارائه می‌دهید؟ 404 error
page,صفحه خطای 404 5. How do I know if I have a pest infestation?,5.
چگونه بفهمم که دچار هجوم آفات شده‌ام؟ About,درباره About Us,درباره ما
About company,درباره شرکت About us,درباره ما Advanced Pest Control
Solutions for Every Need,راهکارهای پیشرفته کنترل آفات برای هر نیاز
Advanced Techniques,تکنیک‌های پیشرفته Affordable Solutions,راهکارهای
مقرون‌به‌صرفه Are your treatments suitable for all skin types?,آیا
درمان‌های شما برای همه انواع پوست مناسب است؟ Arjun Khanna,آرجون خانا “At
Skystar, we believe that a pest-free home is the foundation of a healthy
and happy life. Our innovative pest control solutions are designed to
protect your living spaces from unwanted intruders, ensuring comfort,
safety, and peace of mind. From preventive treatments to effective
removal strategies, we provide tailored services that enhance the
quality of your home environment. Trust us to safeguard your home while
prioritizing eco-friendly practices for a better tomorrow.”,در Skystar،
ما باور داریم خانه‌ای عاری از آفات پایه یک زندگی سالم و شاد است.
راهکارهای نوآورانه کنترل آفات ما برای محافظت از فضای زندگی شما در برابر
مزاحمان ناخواسته طراحی شده‌اند و آسایش، ایمنی و آرامش خاطر را تضمین
می‌کنند. از اقدامات پیشگیرانه تا روش‌های مؤثر حذف آفات، خدماتی متناسب با
نیاز شما ارائه می‌دهیم تا کیفیت محیط خانه‌تان ارتقا یابد. برای محافظت از
خانه خود و اولویت‌دادن به روش‌های دوستدار محیط‌زیست برای فردایی بهتر، به ما
اعتماد کنید. “At the heart of everything we do lies a commitment to
innovation and excellence. We believe in creating tailored solutions
that address unique challenges, while fostering growth and
sustainability for a brighter tomorrow.”,در قلب تمام کارهای ما، تعهد به
نوآوری و برتری قرار دارد. ما به ایجاد راهکارهای اختصاصی برای چالش‌های
منحصربه‌فرد باور داریم و هم‌زمان رشد و پایداری را برای فردایی روشن‌تر تقویت
می‌کنیم. BOD at D.B.A Pvt. Ltd,عضو هیئت‌مدیره در D.B.A Pvt. Ltd Better
Homes,خانه‌های بهتر Blog,وبلاگ Blog Details,جزئیات وبلاگ Brooklyn
Simmons,بروکلین سیمونز CEO at D.B.A Pvt. Ltd,مدیرعامل D.B.A Pvt. Ltd
Cameron Williamson,کامرون ویلیامسون Capabilities,توانمندی‌ها Category
:,دسته‌بندی: Certified Professionals,متخصصان دارای گواهی Chairman,رئیس
هیئت‌مدیره Chemical Handling :,کار با مواد شیمیایی: Commercial Pest,کنترل
آفات تجاری Commercial Services,خدمات تجاری Commitment to Excellence,تعهد
به برتری Committed to protecting your home and the environment with
innovative green solutions.,متعهد به محافظت از خانه شما و محیط‌زیست با
راهکارهای سبز و نوآورانه. Comprehensive Coverage,پوشش جامع Comprehensive
Pest Manage Solution,راهکار جامع مدیریت آفات Comprehensive pest,کنترل
جامع آفات Comprehesive pest management solution,راهکار جامع مدیریت آفات
Comprhensive pest,کنترل جامع آفات Contact,تماس Contact Us,تماس با ما
Contact us,تماس با ما Contact us today!,همین امروز با ما تماس بگیرید!
Copyright ©,حق نشر © “Crafting,”,خلق می‌کنیم، Customer :,مشتری:
Customer-Focused Service,خدمات مشتری‌محور Customized Plans for Every
Home,برنامه‌های اختصاصی برای هر خانه Customized Treatment,درمان اختصاصی
Customized Treatments,درمان‌های اختصاصی Customized pest to your unique
needs.,راهکارهای کنترل آفات متناسب با نیازهای منحصربه‌فرد شما. Dedicated
Team,تیم متعهد Dedicated experts supporting,کارشناسان متعهد در کنار شما
Dedicated to long-term,متعهد به راهکارهای بلندمدت Delivering efficient
and reliable pest control service exactly when you need them the
most.,خدمات کنترل آفات سریع و قابل‌اعتماد را دقیقاً زمانی که بیشترین نیاز
را دارید ارائه می‌کنیم. “Discover comprehensive pest control services
designed to address your unique needs with precision and care. From
tailored solutions to advanced eco-friendly treatments, we ensure the
effective elimination of pests and provide long-term protection for your
home or business. Trust our expert team for reliable, safe, and
environmentally responsible pest management solutions.”,خدمات جامع کنترل
آفات را کشف کنید که با دقت و توجه برای نیازهای منحصربه‌فرد شما طراحی
شده‌اند. از راهکارهای اختصاصی تا درمان‌های پیشرفته و دوستدار محیط‌زیست، حذف
مؤثر آفات و محافظت بلندمدت از خانه یا کسب‌وکار شما را تضمین می‌کنیم. برای
مدیریت ایمن، قابل‌اعتماد و مسئولانه آفات به تیم متخصص ما اعتماد کنید.
Discover more,بیشتر بدانید Do I need a consultation before getting
treatment?,آیا پیش از دریافت درمان به مشاوره نیاز دارم؟ Do you offer
cosmetic dermatology services?,آیا خدمات زیبایی پوست ارائه می‌دهید؟
Duration :,مدت: E-mail,ایمیل Eco-Friendly Approach,رویکرد دوستدار
محیط‌زیست Eco-Friendly Approaches to Effective Pest Management,رویکردهای
دوستدار محیط‌زیست برای مدیریت مؤثر آفات Eco-Friendly Pest,کنترل آفات
دوستدار محیط‌زیست Eco-Friendly approach,رویکرد دوستدار محیط‌زیست
Eco-Friendly practices,روش‌های دوستدار محیط‌زیست Eco-conscious methods
designed to eliminate pests without compromising the safety of your
loved ones or the environment.,روش‌های سازگار با محیط‌زیست برای حذف آفات
بدون به خطر انداختن سلامت عزیزان شما یا محیط‌زیست. Eco-friendly technique
ensuring healthier.,تکنیک دوستدار محیط‌زیست برای محیطی سالم‌تر. Effective
pest solutions -,راهکارهای مؤثر کنترل آفات - Elite trainer
insights,دیدگاه‌های مربیان برتر Email address,آدرس ایمیل Email:,ایمیل:
Emergency Services,خدمات اضطراری Environmental Services,خدمات محیط‌زیستی
“Every property is unique, so we offer personalized pest.”,هر ملک
منحصربه‌فرد است؛ بنابراین راهکارهای کنترل آفات شخصی‌سازی‌شده ارائه می‌دهیم.
“Excellent service! We had a major ant problem, and they took care of it
quickly and professionally.!”,خدمات عالی! مشکل بزرگی با مورچه‌ها داشتیم و
آن‌ها خیلی سریع و حرفه‌ای آن را برطرف کردند! Experienced technician
delivering trusted.,تکنسین‌های باتجربه با خدمات قابل‌اعتماد. Expert Care
with Guaranteed Results,مراقبت تخصصی با نتایج تضمین‌شده Expert fitness
strategies,راهبردهای تخصصی تناسب‌اندام Expert solutions for
every,راهکارهای تخصصی برای هر نیاز Expert techniques,تکنیک‌های تخصصی
Expertise You Can Trust,تخصصی که می‌توانید به آن اعتماد کنید “Expertise
You Can Trust, Backed by Years of Experience.”,تخصصی قابل‌اعتماد، با
پشتوانه سال‌ها تجربه. “Expertise You Can Trust, Built on Years of
Experience.”,تخصصی قابل‌اعتماد، ساخته‌شده بر پایه سال‌ها تجربه. “Explaining
the treatment process, and ensuring that customers feel comfortable and
informed, is a core part of the job — known for a friendly demeanor and
the ability to put customers at ease while solving even the toughest
pest problems.”,توضیح فرایند درمان و اطمینان از اینکه مشتریان احساس
راحتی و آگاهی داشته باشند، بخش اصلی کار است؛ با برخوردی دوستانه و
توانایی ایجاد آرامش برای مشتریان، حتی دشوارترین مشکلات آفات نیز حل
می‌شوند. Explore our proven track record of,سابقه اثبات‌شده ما را بررسی
کنید FAQs,سؤالات متداول Fast Response Times,زمان پاسخ‌گویی سریع Find
helpful answers to your pest,پاسخ‌های مفید برای پرسش‌های شما درباره آفات
First name,نام Free,رایگان Frequently asked question,سؤالات متداول Get
30 day free trial,۳۰ روز آزمایش رایگان دریافت کنید Get Membership,عضویت
بگیرید Get Started Now,همین حالا شروع کنید Guaranteed Results,نتایج
تضمین‌شده Happy Customers,مشتریان خوشحال Home,خانه Home Pest
Control,کنترل آفات خانگی IPM Techniques :,تکنیک‌های مدیریت تلفیقی آفات:
Image Gallery,گالری تصاویر Last name,نام خانوادگی Latest blog,جدیدترین
مطالب وبلاگ Let’s create a pest-free environment -,بیایید محیطی عاری از
آفات بسازیم - Let’s talk about your,بیایید درباره نیاز شما صحبت کنیم
Links,پیوندها Location :,موقعیت: Long-term prevention,پیشگیری بلندمدت MD
at D.B.A Pvt. Ltd,مدیر اجرایی D.B.A Pvt. Ltd Message,پیام Mon - Sat :-
7:00 to 5:00,دوشنبه تا شنبه: ۷:۰۰ تا ۵:۰۰ No any hidden fees pay,بدون
هیچ هزینه پنهان Oliver Spaltn,الیور اسپالتن Oops!,اوه! Our
Features,ویژگی‌های ما Our Portfolio,نمونه‌کارهای ما Our Services,خدمات ما
“Our Skilled Team Delivers Consistent, Reliable Solutions.”,تیم ماهر ما
راهکارهایی پایدار و قابل‌اعتماد ارائه می‌دهد. Our Team,تیم ما Our
approach,رویکرد ما “Our approach to pest control goes beyond just
elimination — we focus on prevention, protection, and long-term
solutions. By combining advanced tools, expert knowledge, and
eco-friendly practices, we ensure that your home or business stays free
from pests all year round. Trust us to deliver customized services
tailored to your specific needs, giving you peace of mind and a
pest-free environment.”,رویکرد ما به کنترل آفات فراتر از حذف آن‌هاست؛ بر
پیشگیری، محافظت و راهکارهای بلندمدت تمرکز داریم. با ترکیب ابزارهای
پیشرفته، دانش تخصصی و روش‌های دوستدار محیط‌زیست، کمک می‌کنیم خانه یا
کسب‌وکار شما در تمام طول سال عاری از آفات بماند. برای خدمات اختصاصی
متناسب با نیازهای شما و ایجاد آرامش خاطر، به ما اعتماد کنید. Our
blog,وبلاگ ما Our blogs,وبلاگ‌های ما “Our certified team provides expert
pest control services, tailored to your specific needs.”,تیم دارای گواهی
ما خدمات تخصصی کنترل آفات را متناسب با نیازهای شما ارائه می‌دهد. Our
gallery,گالری ما Our legacy,میراث ما Our mission,ماموریت ما “Our mission
is simple: to provide dependable pest management services that ensure a
clean, safe, and comfortable environment for everyone. With years of
expertise and a customer-first approach ,we go above and beyond to
eliminate pests and prevent their return.”,ماموریت ما ساده است: ارائه
خدمات قابل‌اعتماد مدیریت آفات برای ایجاد محیطی تمیز، ایمن و راحت برای
همه. با سال‌ها تجربه و رویکرد مشتری‌محور، برای حذف آفات و جلوگیری از
بازگشت آن‌ها فراتر از انتظار عمل می‌کنیم. “Our mission is to be leader in
our industry, setting new standards.”,ماموریت ما این است که در صنعت خود
پیشرو باشیم و استانداردهای جدیدی تعیین کنیم. “Our pest control plans are
tailored to address the unique needs of your home, offering targeted
solutions for lasting protection.”,برنامه‌های کنترل آفات ما متناسب با
نیازهای خاص خانه شما طراحی شده‌اند و راهکارهای هدفمند برای محافظت ماندگار
ارائه می‌کنند. “Our pest control services are crafted to deliver
exceptional results while prioritizing your safety and comfort. Using
the latest techniques and environmentally friendly methods, we tackle
pest issues of all kinds, ensuring your space remains protected and
pest-free. With a focus on quality, reliability, and customer
satisfaction.”,خدمات کنترل آفات ما برای دستیابی به نتایج عالی با
اولویت‌دادن به ایمنی و آسایش شما طراحی شده‌اند. با استفاده از جدیدترین
تکنیک‌ها و روش‌های دوستدار محیط‌زیست، انواع مشکلات آفات را برطرف می‌کنیم تا
فضای شما محافظت‌شده و عاری از آفات بماند؛ با تمرکز بر کیفیت، قابلیت
اعتماد و رضایت مشتری. Our projects,پروژه‌های ما Our services,خدمات ما Our
team,تیم ما “Our team is fully trained, certified, and experienced.”,تیم
ما کاملاً آموزش‌دیده، دارای گواهی و باتجربه است. Our videos,ویدئوهای ما
Our vision,چشم‌انداز ما “Our vision is to be a leader in our industry,
setting new standards.”,چشم‌انداز ما این است که در صنعت خود پیشرو باشیم و
استانداردهای جدیدی تعیین کنیم. Page Not Found,صفحه یافت نشد Page not
found,صفحه یافت نشد Pages,صفحات Passion for innovation and,اشتیاق به
نوآوری و Personals info,اطلاعات شخصی Pest control,کنترل آفات Pest
control effectiveness,اثربخشی کنترل آفات Pest-Free Living,زندگی عاری از
آفات “Pest-Free Living,”,زندگی عاری از آفات، Phone :,تلفن: Phone
no.,شماره تلفن Position:,سمت: “Preserving our legacy with innovative and
reliable pest control solutions, ensuring safety and satisfaction for
every space we protect.”,میراث خود را با راهکارهای نوآورانه و قابل‌اعتماد
کنترل آفات حفظ می‌کنیم و ایمنی و رضایت را برای هر فضایی که محافظت می‌کنیم
تضمین می‌کنیم. Prevent Future Infestations,جلوگیری از هجوم‌های آینده
Pricing,قیمت‌گذاری Pricing Plan,طرح قیمت‌گذاری Pricing plan,طرح قیمت‌گذاری
Professional,حرفه‌ای Project Details,جزئیات پروژه Project
Information,اطلاعات پروژه Projects,پروژه‌ها Projects Completed,پروژه‌های
تکمیل‌شده Protect your home and business with our effective pest control
solutions. From termites to rodents we eliminate pest quickly &
safely.,با راهکارهای مؤثر کنترل آفات ما از خانه و کسب‌وکار خود محافظت
کنید. از موریانه تا جوندگان، آفات را سریع و ایمن از بین می‌بریم.
“Protecting home, businesses,”,محافظت از خانه‌ها، کسب‌وکارها، Quality pest
control services at,خدمات باکیفیت کنترل آفات با Reach Out to Us
Today!,همین امروز با ما تماس بگیرید! Ready for a Pest-Free Home?,برای
خانه‌ای عاری از آفات آماده‌اید؟ Reliable pest & bug control services you
can trust,خدمات قابل‌اعتماد کنترل آفات و حشرات که می‌توانید به آن اعتماد
کنید Ronald Richards,رونالد ریچاردز Safe and Sustainable
Treatments,درمان‌های ایمن و پایدار Schedule Your Free Inspection,بازرسی
رایگان خود را رزرو کنید Security Specialist,متخصص امنیت Service
Details,جزئیات خدمات Services,خدمات Shaping excellence in,خلق برتری در
Simple and Fast Booking,رزرو ساده و سریع Skilled experts
experience.,تجربه متخصصان ماهر. Stay up to date with our latest,از
تازه‌ترین مطالب ما باخبر بمانید Sunday :- Close,یکشنبه: تعطیل Support
Manager,مدیر پشتیبانی Tags:,برچسب‌ها: Tailored Services for Residential
and Commercial Properties,خدمات اختصاصی برای املاک مسکونی و تجاری
Tailored solutions,راهکارهای اختصاصی Take Back Your Home From Pests.
Today!,همین امروز خانه خود را از آفات پس بگیرید! Team,تیم Team
Details,جزئیات تیم Technical Engineer,مهندس فنی Termite & Rodent,موریانه
و جوندگان Testimonials,نظرات مشتریان The page you are looking for does
not exist.,صفحه‌ای که به دنبال آن هستید وجود ندارد. Timely service,خدمات
به‌موقع Trained professionals,متخصصان آموزش‌دیده “Trusted by Thousands, We
Take Pride in Offering the.”,مورد اعتماد هزاران نفر؛ به ارائه بهترین
خدمات افتخار می‌کنیم. Trusted by hundreds for reliable,مورد اعتماد صدها
نفر برای خدمات قابل‌اعتماد Using advanced tools and proven methods to
ensure long-lasting pest control solutions.,استفاده از ابزارهای پیشرفته
و روش‌های اثبات‌شده برای تضمین راهکارهای ماندگار کنترل آفات. Using
sustainable methods to protect your home environment.,استفاده از روش‌های
پایدار برای محافظت از محیط خانه شما. Video Gallery,گالری ویدئو View All
Projects,مشاهده همه پروژه‌ها View All Services,مشاهده همه خدمات We are
available round the clock to address.,ما به‌صورت شبانه‌روزی برای رسیدگی به
مشکلات شما در دسترس هستیم. “We are driven by a commitment to deliver
innovative, reliable, and high-quality pest control solutions that
ensure long-lasting results.”,تعهد ما ارائه راهکارهای نوآورانه،
قابل‌اعتماد و باکیفیت کنترل آفات با نتایج ماندگار است. “We handle a wide
range of pests, including rodents, ants, cockroaches, termites, bed
bugs, mosquitoes, spiders, and wildlife.”,ما طیف گسترده‌ای از آفات از
جمله جوندگان، مورچه‌ها، سوسک‌ها، موریانه‌ها، ساس‌ها، پشه‌ها، عنکبوت‌ها و
حیوانات وحشی را کنترل می‌کنیم. “We offer a wide range of dermatology
treatments, including acne care, psoriasis management, skin cancer
screening, cosmetic procedures like Botox etc.”,ما طیف گسترده‌ای از
درمان‌های پوستی، از جمله درمان آکنه، مدیریت پسوریازیس، غربالگری سرطان
پوست و روش‌های زیبایی مانند بوتاکس و غیره ارائه می‌دهیم. We provide pest
control plans designed to fit your unique needs.,برنامه‌های کنترل آفات
متناسب با نیازهای منحصربه‌فرد شما ارائه می‌دهیم. We provide sustainable
pest control solutions that address immediate issues and prevent future
infestations.,راهکارهای پایدار کنترل آفات ارائه می‌دهیم که مشکلات فوری را
برطرف کرده و از هجوم‌های آینده جلوگیری می‌کنند. We stand behind our
service with a satisfaction guarante.,ما کیفیت خدمات خود را با تضمین
رضایت پشتیبانی می‌کنیم. “We understand how frustrating and disruptive
pests can be, which is why we’re committed to providing fast, reliable,
and effective solutions.”,می‌دانیم آفات تا چه اندازه می‌توانند آزاردهنده و
مختل‌کننده باشند؛ به همین دلیل متعهد به ارائه راهکارهای سریع، قابل‌اعتماد
و مؤثر هستیم. “We understand how frustrating and disruptive pests can
be, which is why we’re committed to providing fast, reliable, and
effective solutions. With a team of certified experts, eco-friendly
methods, and unmatched customer care.”,می‌دانیم آفات تا چه اندازه
می‌توانند آزاردهنده و مختل‌کننده باشند؛ به همین دلیل متعهد به ارائه
راهکارهای سریع، قابل‌اعتماد و مؤثر هستیم. با تیمی از کارشناسان دارای
گواهی، روش‌های دوستدار محیط‌زیست و خدمات مشتری بی‌نظیر. “We understand that
every home is different, and so are the pest problems it may face.
That’s why our expert team conducts thorough.”,می‌دانیم هر خانه متفاوت
است و مشکلات آفات آن نیز متفاوت خواهد بود. به همین دلیل تیم متخصص ما
بررسی کاملی انجام می‌دهد. What drives us,چه چیزی ما را به حرکت درمی‌آورد
What makes us the best,چه چیزی ما را بهترین می‌کند What should I expect
during my first visit?,در اولین مراجعه چه انتظاری باید داشته باشم؟ What
types of treatments do you offer?,چه نوع درمان‌هایی ارائه می‌دهید؟
Wildlife Removal,حذف حیوانات وحشی Working Hours,ساعات کاری Years Of
Experience,سال‌های تجربه Years Of experience,سال‌های تجربه Years of
experience,سال‌های تجربه You can cancel anytime,هر زمان بخواهید می‌توانید
لغو کنید Your Shield Against Unwanted Guests,سپر شما در برابر مهمانان
ناخواسته Your trusted partner in pest,شریک قابل‌اعتماد شما در کنترل آفات
about us,درباره ما all,همه and communities,و جوامع back to home,بازگشت
به خانه basics,مبانی blog,وبلاگ book a service,رزرو خدمات call now,همین
حالا تماس بگیرید choice for you,انتخاب مناسب برای شما commercial pest
solutions,راهکارهای کنترل آفات تجاری competitive rates,قیمت‌های رقابتی
contact us,تماس با ما control concerns,نگرانی‌های مربوط به کنترل آفات
control excellence,برتری در کنترل آفات control solutions,راهکارهای کنترل
creating a tailored plan that delivers effective results. Whether it’s
preventive treatments or targeted solutions for an existing issue.,ایجاد
برنامه‌ای اختصاصی که نتایج مؤثر ارائه دهد؛ چه درمان‌های پیشگیرانه باشد و
چه راهکارهای هدفمند برای یک مشکل موجود. emily williams,امیلی ویلیامز
frequently asked questions,سؤالات متداول gallery,گالری get a
quote,دریافت قیمت “has years of experience in the pest control industry,
specializing in residential and commercial pest management. They hold
multiple certifications in pest control and are highly knowledgeable
about the latest treatment methods and eco-friendly solutions. Their
attention to detail and commitment to customer satisfaction have earned
them a reputation for excellence.”,سال‌ها تجربه در صنعت کنترل آفات دارد و
در مدیریت آفات مسکونی و تجاری تخصص دارد. دارای چندین گواهی در زمینه
کنترل آفات است و دانش بالایی درباره جدیدترین روش‌های درمان و راهکارهای
دوستدار محیط‌زیست دارد. توجه به جزئیات و تعهد به رضایت مشتری، برای او
اعتبار بالایی ایجاد کرده است. home,خانه learn more,بیشتر بدانید leslie
alexander,لزلی الکساندر location,موقعیت management solution,راهکار
مدیریت me,درباره من michael johnson,مایکل جانسون mosquito & fly
control,کنترل پشه و مگس our commitment,تعهد ما our pricing plan,طرح
قیمت‌گذاری ما our team,تیم ما outdoor pest control,کنترل آفات فضای باز
page not found,صفحه یافت نشد pest control advice,توصیه‌های کنترل آفات
pest control needs,نیازهای کنترل آفات pest control solutions,راهکارهای
کنترل آفات pest management,مدیریت آفات pest problem,مشکل آفات pest-free
solutions,راهکارهای عاری از آفات pricing,قیمت‌گذاری project,پروژه
projects,پروژه‌ها quality service,خدمات باکیفیت reach out today!,همین
امروز تماس بگیرید! read More,بیشتر بخوانید read more,بیشتر بخوانید
residential pest control,کنترل آفات مسکونی send message,ارسال پیام
services,خدمات shaping futures,ساختن آینده skills,مهارت‌ها team,تیم
termite & rodent control,کنترل موریانه و جوندگان testimonials,نظرات
مشتریان videos,ویدئوها why choose us,چرا ما را انتخاب کنید your
journey,سفر شما
